{"cameraMode":{"drawMode":2,"name":"Shaded Wireframe","section":"Shading Mode"},"sceneLighting":false,"audioPlay":false,"sceneViewState":{"showFog":true,"showMaterialUpdate":true,"showSkybox":false,"showFlares":true,"showImageEffects":true,"showParticleSystems":true},"in2DMode":false,"pivot":{"x":-654.780029296875,"y":3.200000047683716,"z":-530.4299926757813},"rotation":{"x":0.31587743759155276,"y":-0.1247054785490036,"z":0.04211868345737457,"w":0.939675509929657},"size":2.8578836917877199,"orthographic":false}