{"cameraMode":{"drawMode":2,"name":"Shaded Wireframe","section":"Shading Mode"},"sceneLighting":false,"audioPlay":false,"sceneViewState":{"showFog":true,"showMaterialUpdate":true,"showSkybox":false,"showFlares":true,"showImageEffects":true,"showParticleSystems":true},"in2DMode":false,"pivot":{"x":-6.70803165435791,"y":0.09000003337860108,"z":-15.935554504394532},"rotation":{"x":0.15230216085910798,"y":-0.32987284660339358,"z":0.05403157323598862,"w":0.9301110506057739},"size":12.289670944213868,"orthographic":false}