{"cameraMode":{"drawMode":2,"name":"Shaded Wireframe","section":"Shading Mode"},"sceneLighting":true,"audioPlay":false,"sceneViewState":{"showFog":true,"showMaterialUpdate":true,"showSkybox":true,"showFlares":true,"showImageEffects":true,"showParticleSystems":true},"in2DMode":false,"pivot":{"x":37.510009765625,"y":864.6131591796875,"z":439.8107604980469},"rotation":{"x":-0.070866659283638,"y":0.9264572858810425,"z":-0.2945858836174011,"w":-0.22354485094547273},"size":1329.759521484375,"orthographic":false}